{
    "": {
        "1": [
            0.2338333,
            1.780298,
            14.96886,
            0.0,
            95.66062,
            0.0
        ],
        "2": [
            0.6569749,
            1.780298,
            14.92069,
            0.0,
            97.74062,
            0.0
        ],
        "3": [
            1.095292,
            1.780298,
            14.85591,
            0.0,
            99.40384,
            0.0
        ],
        "4": [
            1.546618,
            1.780298,
            14.77688,
            0.0,
            100.7168,
            0.0
        ],
        "5": [
            2.008784,
            1.780298,
            14.68599,
            0.0,
            101.7302,
            0.0
        ],
        "6": [
            2.479621,
            1.780298,
            14.5856,
            0.0,
            102.4796,
            0.0
        ],
        "7": [
            2.956963,
            1.780298,
            14.47809,
            0.0,
            102.9912,
            0.0
        ],
        "8": [
            3.43864,
            1.780298,
            14.36584,
            0.0,
            103.2817,
            0.0
        ],
        "9": [
            3.922486,
            1.780298,
            14.25121,
            0.0,
            103.3611,
            0.0
        ],
        "10": [
            4.406331,
            1.780298,
            14.13658,
            0.0,
            103.2317,
            0.0
        ],
        "11": [
            4.888009,
            1.780298,
            14.02432,
            0.0,
            102.889,
            0.0
        ],
        "12": [
            5.36535,
            1.780298,
            13.91682,
            0.0,
            102.3223,
            0.0
        ],
        "13": [
            5.836188,
            1.780298,
            13.81643,
            0.0,
            101.5126,
            0.0
        ],
        "14": [
            6.298354,
            1.780298,
            13.72554,
            0.0,
            100.4315,
            0.0
        ],
        "15": [
            6.749679,
            1.780298,
            13.64651,
            0.0,
            99.03884,
            0.0
        ],
        "16": [
            7.187996,
            1.780298,
            13.58173,
            0.0,
            97.28265,
            0.0
        ],
        "17": [
            7.611138,
            1.780298,
            13.53356,
            0.0,
            95.09026,
            0.0
        ],
        "18": [
            8.016936,
            1.780298,
            13.50438,
            0.0,
            92.36993,
            0.0
        ],
        "19": [
            8.403221,
            1.780298,
            13.49656,
            0.0,
            88.99834,
            0.0
        ],
        "20": [
            8.767828,
            1.780298,
            13.51248,
            0.0,
            84.82163,
            0.0
        ],
        "21": [
            9.108585,
            1.780298,
            13.55451,
            0.0,
            79.65588,
            0.0
        ],
        "22": [
            9.423326,
            1.780298,
            13.62502,
            0.0,
            73.30251,
            0.0
        ],
        "23": [
            9.709885,
            1.780298,
            13.7264,
            0.0,
            65.60143,
            0.0
        ],
        "24": [
            9.966089,
            1.780298,
            13.86099,
            0.0,
            56.52608,
            0.0
        ],
        "25": [
            10.18978,
            1.780298,
            14.0312,
            0.0,
            56.52608,
            0.0
        ],
        "26": [
            10.18978,
            1.780298,
            14.0312,
            0.0,
            45.76563,
            0.0
        ],
        "27": [
            10.3804,
            1.780298,
            14.25517,
            0.0,
            32.77546,
            0.0
        ],
        "28": [
            10.54016,
            1.780298,
            14.54504,
            0.0,
            23.3622,
            0.0
        ],
        "29": [
            10.67099,
            1.780298,
            14.8941,
            0.0,
            16.5599,
            0.0
        ],
        "30": [
            10.77481,
            1.780298,
            15.29564,
            0.0,
            11.5371,
            0.0
        ],
        "31": [
            10.85356,
            1.780298,
            15.74298,
            0.0,
            7.724038,
            0.0
        ],
        "32": [
            10.90917,
            1.780298,
            16.2294,
            0.0,
            4.748421,
            0.0
        ],
        "33": [
            10.94358,
            1.780298,
            16.74821,
            0.0,
            2.366749,
            0.0
        ],
        "34": [
            10.9587,
            1.780298,
            17.29272,
            0.0,
            0.4187079,
            0.0
        ],
        "35": [
            10.95649,
            1.780298,
            17.85621,
            0.0,
            358.7909,
            0.0
        ],
        "36": [
            10.93886,
            1.780298,
            18.43199,
            0.0,
            357.4064,
            0.0
        ],
        "37": [
            10.90775,
            1.780298,
            19.01336,
            0.0,
            356.2068,
            0.0
        ],
        "38": [
            10.8651,
            1.780298,
            19.59361,
            0.0,
            355.1494,
            0.0
        ],
        "39": [
            10.81282,
            1.780298,
            20.16606,
            0.0,
            354.2,
            0.0
        ],
        "40": [
            10.75286,
            1.780298,
            20.72399,
            0.0,
            353.3299,
            0.0
        ],
        "41": [
            10.68715,
            1.780298,
            21.26072,
            0.0,
            352.5144,
            0.0
        ],
        "42": [
            10.61762,
            1.780298,
            21.76952,
            0.0,
            351.7269,
            0.0
        ],
        "43": [
            10.5462,
            1.780298,
            22.24372,
            0.0,
            350.939,
            0.0
        ],
        "44": [
            10.47481,
            1.780298,
            22.67661,
            0.0,
            350.11,
            0.0
        ],
        "45": [
            10.4054,
            1.780298,
            23.06148,
            0.0,
            349.1781,
            0.0
        ],
        "46": [
            10.3399,
            1.780298,
            23.39164,
            0.0,
            348.0236,
            0.0
        ],
        "47": [
            10.28024,
            1.780298,
            23.66038,
            0.0,
            346.3778,
            0.0
        ],
        "48": [
            10.22834,
            1.780298,
            23.86102,
            0.0,
            343.4367,
            0.0
        ],
        "49": [
            10.18614,
            1.780298,
            23.98684,
            0.0,
            335.1931,
            0.0
        ],
        "50": [
            10.15558,
            1.780298,
            24.03114,
            0.0,
            335.1931,
            0.0
        ],
        "51": [
            10.15558,
            1.780298,
            24.03114,
            0.0,
            246.1929,
            0.0
        ],
        "52": [
            10.12767,
            1.780298,
            23.98204,
            0.0,
            196.5139,
            0.0
        ],
        "53": [
            10.09266,
            1.780298,
            23.83788,
            0.0,
            191.1042,
            0.0
        ],
        "54": [
            10.05128,
            1.780298,
            23.60728,
            0.0,
            189.1196,
            0.0
        ],